Ticket_ID,Issue_Type,Priority,Resolution_Time_Hours
TICKET_0001,Network Issue,High,4.69
TICKET_0002,Network Issue,High,30.1
TICKET_0003,Software Bug,Critical,13.17
TICKET_0004,Hardware Failure,Medium,9.13
TICKET_0005,Hardware Failure,Critical,1.7
TICKET_0006,Hardware Failure,Critical,1.7
TICKET_0007,Network Issue,High,0.6
TICKET_0008,Security Breach,High,20.11
TICKET_0009,Network Issue,Critical,9.19
TICKET_0010,Security Breach,Critical,12.31
TICKET_0011,User Request,High,0.21
TICKET_0012,Network Issue,Medium,35.04
TICKET_0013,Network Issue,Medium,17.86
TICKET_0014,Network Issue,Critical,2.39
TICKET_0015,Hardware Failure,Medium,2.01
TICKET_0016,Hardware Failure,Critical,2.03
TICKET_0017,Security Breach,Low,3.63
TICKET_0018,Security Breach,High,7.44
TICKET_0019,Network Issue,Critical,5.66
TICKET_0020,Security Breach,Critical,3.44
TICKET_0021,Hardware Failure,Critical,9.46
TICKET_0022,Security Breach,Medium,1.5
TICKET_0023,User Request,Critical,3.46
TICKET_0024,Hardware Failure,Low,4.56
TICKET_0025,User Request,Medium,6.09
TICKET_0026,Security Breach,High,15.38
TICKET_0027,Software Bug,Low,2.23
TICKET_0028,Network Issue,Critical,7.22
TICKET_0029,Hardware Failure,Low,8.98
TICKET_0030,User Request,Critical,0.48
TICKET_0031,Software Bug,Low,9.35
TICKET_0032,Software Bug,Medium,1.87
TICKET_0033,Hardware Failure,Critical,0.67
TICKET_0034,Hardware Failure,Medium,29.74
TICKET_0035,Software Bug,Low,33.71
TICKET_0036,Network Issue,Critical,16.52
TICKET_0037,Network Issue,High,3.63
TICKET_0038,User Request,High,1.03
TICKET_0039,Network Issue,Critical,11.53
TICKET_0040,Software Bug,Low,5.8
TICKET_0041,Software Bug,High,1.3
TICKET_0042,Security Breach,Critical,6.84
TICKET_0043,Software Bug,High,0.35
TICKET_0044,Network Issue,Critical,24.0
TICKET_0045,User Request,Low,2.99
TICKET_0046,Security Breach,Low,10.86
TICKET_0047,Network Issue,Medium,3.74
TICKET_0048,User Request,High,7.34
TICKET_0049,Network Issue,Medium,7.91
TICKET_0050,Security Breach,Low,2.04
TICKET_0051,Software Bug,Critical,34.93
TICKET_0052,Security Breach,Low,14.92
TICKET_0053,Software Bug,Low,28.05
TICKET_0054,Security Breach,Critical,22.52
TICKET_0055,Hardware Failure,Medium,9.11
TICKET_0056,Network Issue,High,25.49
TICKET_0057,Network Issue,Low,0.93
TICKET_0058,Hardware Failure,Low,2.18
TICKET_0059,Software Bug,High,0.46
TICKET_0060,Network Issue,Low,3.94
TICKET_0061,Hardware Failure,High,4.92
TICKET_0062,Network Issue,High,3.17
TICKET_0063,User Request,High,17.65
TICKET_0064,Software Bug,Critical,4.41
TICKET_0065,User Request,Medium,3.3
TICKET_0066,Software Bug,Medium,7.82
TICKET_0067,Hardware Failure,Critical,1.52
TICKET_0068,Software Bug,Medium,16.2
TICKET_0069,Software Bug,Medium,0.77
TICKET_0070,Hardware Failure,Medium,43.34
TICKET_0071,Software Bug,Low,14.79
TICKET_0072,Network Issue,Critical,2.22
TICKET_0073,Security Breach,Medium,0.06
TICKET_0074,Hardware Failure,Critical,16.9
TICKET_0075,Security Breach,Medium,12.27
TICKET_0076,Hardware Failure,Medium,13.06
TICKET_0077,Hardware Failure,Critical,14.75
TICKET_0078,User Request,High,0.77
TICKET_0079,User Request,Critical,4.44
TICKET_0080,Software Bug,High,1.23
TICKET_0081,Security Breach,Low,19.89
TICKET_0082,Hardware Failure,Critical,9.76
TICKET_0083,Software Bug,High,4.02
TICKET_0084,Network Issue,Medium,0.66
TICKET_0085,Hardware Failure,Low,3.72
TICKET_0086,Network Issue,Critical,3.93
TICKET_0087,Software Bug,High,13.08
TICKET_0088,User Request,High,10.15
TICKET_0089,Software Bug,Critical,21.82
TICKET_0090,Network Issue,High,6.39
TICKET_0091,Hardware Failure,Critical,1.27
TICKET_0092,Security Breach,High,12.49
TICKET_0093,Software Bug,Medium,14.3
TICKET_0094,Hardware Failure,Critical,8.24
TICKET_0095,User Request,Critical,14.74
TICKET_0096,User Request,Low,6.81
TICKET_0097,User Request,Medium,7.4
TICKET_0098,Hardware Failure,Critical,5.58
TICKET_0099,Software Bug,High,0.26
TICKET_0100,Hardware Failure,High,1.14
TICKET_0101,Hardware Failure,High,0.32
TICKET_0102,Security Breach,Low,10.12
TICKET_0103,Security Breach,Critical,3.77
TICKET_0104,Software Bug,High,7.1
TICKET_0105,Security Breach,Low,23.81
TICKET_0106,User Request,Low,2.87
TICKET_0107,Security Breach,Critical,5.28
TICKET_0108,User Request,High,14.09
TICKET_0109,Software Bug,Medium,2.6
TICKET_0110,Hardware Failure,High,0.8
TICKET_0111,Hardware Failure,Medium,3.42
TICKET_0112,Security Breach,Medium,1.76
TICKET_0113,User Request,High,26.55
TICKET_0114,Network Issue,Medium,16.51
TICKET_0115,Network Issue,Low,10.03
TICKET_0116,Network Issue,Low,20.52
TICKET_0117,Hardware Failure,High,16.28
TICKET_0118,Hardware Failure,Critical,2.06
TICKET_0119,User Request,Low,22.31
TICKET_0120,Security Breach,High,7.75
TICKET_0121,Network Issue,Medium,16.47
TICKET_0122,User Request,Low,22.64
TICKET_0123,User Request,High,3.83
TICKET_0124,Security Breach,High,1.17
TICKET_0125,User Request,Critical,2.59
TICKET_0126,Security Breach,Medium,5.57
TICKET_0127,Software Bug,Medium,17.04
TICKET_0128,Security Breach,Medium,19.71
TICKET_0129,Network Issue,High,0.07
TICKET_0130,Network Issue,High,7.15
TICKET_0131,Security Breach,Medium,5.4
TICKET_0132,Software Bug,High,2.51
TICKET_0133,Software Bug,Critical,1.28
TICKET_0134,Network Issue,High,4.12
TICKET_0135,Software Bug,High,28.63
TICKET_0136,User Request,Low,3.9
TICKET_0137,Hardware Failure,Critical,7.31
TICKET_0138,User Request,Low,12.14
TICKET_0139,Network Issue,Medium,4.52
TICKET_0140,Software Bug,Medium,35.68
TICKET_0141,Security Breach,Critical,32.82
TICKET_0142,Hardware Failure,High,2.9
TICKET_0143,Security Breach,Low,6.88
TICKET_0144,Network Issue,Critical,3.58
TICKET_0145,Software Bug,Low,3.35
TICKET_0146,Security Breach,High,0.38
TICKET_0147,Security Breach,Low,9.4
TICKET_0148,Hardware Failure,Critical,6.99
TICKET_0149,Hardware Failure,High,0.53
TICKET_0150,Software Bug,High,3.27
TICKET_0151,Hardware Failure,Critical,23.89
TICKET_0152,Security Breach,High,2.74
TICKET_0153,Security Breach,Low,1.57
TICKET_0154,Network Issue,Medium,6.72
TICKET_0155,Security Breach,Critical,42.44
TICKET_0156,Software Bug,Low,2.77
TICKET_0157,User Request,High,11.15
TICKET_0158,Network Issue,Medium,14.34
TICKET_0159,Network Issue,Low,2.71
TICKET_0160,Software Bug,Critical,13.03
TICKET_0161,Software Bug,High,4.59
TICKET_0162,Hardware Failure,Critical,10.01
TICKET_0163,Network Issue,Low,10.04
TICKET_0164,Hardware Failure,Medium,7.67
TICKET_0165,Security Breach,Low,0.95
TICKET_0166,Network Issue,Low,18.04
TICKET_0167,Network Issue,High,3.87
TICKET_0168,User Request,Critical,2.06
TICKET_0169,Network Issue,Low,0.42
TICKET_0170,Security Breach,Low,8.94
TICKET_0171,Hardware Failure,Medium,11.32
TICKET_0172,Hardware Failure,Medium,0.17
TICKET_0173,User Request,Critical,7.18
TICKET_0174,Security Breach,Critical,2.57
TICKET_0175,Hardware Failure,High,10.36
TICKET_0176,Software Bug,Critical,1.92
TICKET_0177,Security Breach,Medium,11.74
TICKET_0178,Security Breach,Critical,4.89
TICKET_0179,User Request,Low,27.6
TICKET_0180,Hardware Failure,Critical,1.48
TICKET_0181,Security Breach,Critical,4.17
TICKET_0182,Hardware Failure,High,1.2
TICKET_0183,Software Bug,Low,25.86
TICKET_0184,User Request,High,20.98
TICKET_0185,Software Bug,Medium,2.98
TICKET_0186,User Request,Critical,10.79
TICKET_0187,Security Breach,Critical,16.99
TICKET_0188,User Request,Medium,8.1
TICKET_0189,Network Issue,High,7.54
TICKET_0190,Hardware Failure,Low,2.77
TICKET_0191,Hardware Failure,High,0.98
TICKET_0192,Network Issue,High,22.75
TICKET_0193,Software Bug,Low,23.07
TICKET_0194,Network Issue,Critical,10.03
TICKET_0195,Security Breach,High,4.14
TICKET_0196,Security Breach,Medium,4.3
TICKET_0197,Hardware Failure,Low,12.94
TICKET_0198,Security Breach,Critical,22.74
TICKET_0199,Hardware Failure,Low,21.81
TICKET_0200,Network Issue,Medium,15.14
TICKET_0201,Network Issue,Low,10.27
TICKET_0202,Network Issue,Low,0.88
TICKET_0203,Hardware Failure,High,1.76
TICKET_0204,Network Issue,Medium,22.88
TICKET_0205,Network Issue,Medium,9.32
TICKET_0206,Software Bug,Medium,0.09
TICKET_0207,Network Issue,Low,1.07
TICKET_0208,Security Breach,Medium,10.89
TICKET_0209,Hardware Failure,Medium,0.05
TICKET_0210,Software Bug,Medium,1.75
TICKET_0211,User Request,High,7.96
TICKET_0212,Hardware Failure,Medium,11.77
TICKET_0213,Security Breach,Low,10.55
TICKET_0214,Hardware Failure,High,2.54
TICKET_0215,Security Breach,Medium,12.45
TICKET_0216,Security Breach,Medium,2.71
TICKET_0217,User Request,High,3.94
TICKET_0218,Hardware Failure,Medium,13.72
TICKET_0219,User Request,Low,10.49
TICKET_0220,User Request,Low,18.92
TICKET_0221,Hardware Failure,Medium,10.72
TICKET_0222,Network Issue,Low,8.4
TICKET_0223,Network Issue,High,0.98
TICKET_0224,User Request,Medium,4.58
TICKET_0225,Software Bug,High,3.08
TICKET_0226,User Request,Low,2.8
TICKET_0227,User Request,Medium,36.12
TICKET_0228,User Request,High,4.99
TICKET_0229,Network Issue,Low,22.26
TICKET_0230,Network Issue,Medium,9.97
TICKET_0231,Network Issue,Critical,15.84
TICKET_0232,User Request,Low,6.98
TICKET_0233,Software Bug,Low,8.6
TICKET_0234,Network Issue,Critical,6.78
TICKET_0235,Hardware Failure,Critical,2.17
TICKET_0236,Hardware Failure,High,12.82
TICKET_0237,Hardware Failure,Low,3.3
TICKET_0238,Security Breach,Critical,0.25
TICKET_0239,User Request,Medium,10.37
TICKET_0240,Hardware Failure,Low,1.95
TICKET_0241,User Request,High,28.21
TICKET_0242,Hardware Failure,Critical,30.78
TICKET_0243,Software Bug,Low,24.64
TICKET_0244,User Request,Low,4.62
TICKET_0245,Hardware Failure,Critical,0.16
TICKET_0246,Network Issue,Critical,26.36
TICKET_0247,User Request,Critical,5.59
TICKET_0248,Security Breach,Low,34.01
TICKET_0249,Network Issue,Critical,33.14
TICKET_0250,Network Issue,Critical,19.17
TICKET_0251,Security Breach,Low,3.49
TICKET_0252,Network Issue,Low,4.86
TICKET_0253,Network Issue,High,19.05
TICKET_0254,Hardware Failure,Medium,3.81
TICKET_0255,Hardware Failure,Low,1.86
TICKET_0256,User Request,Medium,8.14
TICKET_0257,User Request,High,27.51
TICKET_0258,User Request,High,11.91
TICKET_0259,Hardware Failure,Critical,8.44
TICKET_0260,User Request,High,1.02
TICKET_0261,Network Issue,Critical,9.55
TICKET_0262,Hardware Failure,Critical,46.11
TICKET_0263,User Request,Low,1.51
TICKET_0264,Network Issue,Low,7.3
TICKET_0265,User Request,Medium,20.99
TICKET_0266,Software Bug,Critical,13.5
TICKET_0267,User Request,Critical,11.94
TICKET_0268,Software Bug,Medium,12.12
TICKET_0269,User Request,Critical,4.45
TICKET_0270,Security Breach,High,3.48
TICKET_0271,User Request,Critical,16.57
TICKET_0272,Hardware Failure,Critical,16.61
TICKET_0273,Hardware Failure,Critical,20.18
TICKET_0274,Software Bug,Low,24.45
TICKET_0275,Hardware Failure,High,7.16
TICKET_0276,Network Issue,Critical,6.96
TICKET_0277,Security Breach,High,16.01
TICKET_0278,Security Breach,High,10.5
TICKET_0279,Network Issue,High,12.11
TICKET_0280,Software Bug,Medium,15.89
TICKET_0281,Network Issue,Critical,22.07
TICKET_0282,Network Issue,Low,4.12
TICKET_0283,Security Breach,Low,4.71
TICKET_0284,User Request,Low,0.99
TICKET_0285,Security Breach,Low,8.63
TICKET_0286,Security Breach,Critical,0.37
TICKET_0287,Hardware Failure,Low,6.27
TICKET_0288,Network Issue,High,7.82
TICKET_0289,Security Breach,Medium,3.38
TICKET_0290,Network Issue,Low,8.94
TICKET_0291,Hardware Failure,High,0.31
TICKET_0292,Network Issue,Low,0.38
TICKET_0293,Security Breach,Critical,17.29
TICKET_0294,Network Issue,High,4.47
TICKET_0295,Hardware Failure,Critical,1.36
TICKET_0296,User Request,Low,7.39
TICKET_0297,Network Issue,High,14.7
TICKET_0298,Security Breach,High,2.43
TICKET_0299,Hardware Failure,High,9.75
TICKET_0300,Security Breach,Low,0.89
TICKET_0301,Security Breach,Medium,0.53
TICKET_0302,Network Issue,Medium,7.58
TICKET_0303,Security Breach,Critical,7.78
TICKET_0304,Network Issue,Medium,10.15
TICKET_0305,User Request,Low,12.95
TICKET_0306,Security Breach,High,37.24
TICKET_0307,Security Breach,High,7.26
TICKET_0308,Security Breach,Low,3.9
TICKET_0309,Software Bug,High,15.86
TICKET_0310,Software Bug,Medium,3.16
TICKET_0311,Hardware Failure,Critical,5.78
TICKET_0312,Software Bug,Low,0.82
TICKET_0313,Hardware Failure,High,0.26
TICKET_0314,Software Bug,Low,32.87
TICKET_0315,User Request,Medium,18.08
TICKET_0316,Hardware Failure,High,11.91
TICKET_0317,Software Bug,High,5.26
TICKET_0318,User Request,High,1.9
TICKET_0319,Software Bug,High,1.7
TICKET_0320,Network Issue,Low,2.88
TICKET_0321,Network Issue,Medium,7.97
TICKET_0322,User Request,Medium,12.54
TICKET_0323,Security Breach,Critical,10.79
TICKET_0324,Security Breach,Low,3.28
TICKET_0325,Network Issue,Medium,30.98
TICKET_0326,Network Issue,Low,13.39
TICKET_0327,Security Breach,Low,8.08
TICKET_0328,Hardware Failure,Medium,9.46
TICKET_0329,Security Breach,Critical,5.44
TICKET_0330,Software Bug,Critical,2.85
TICKET_0331,Hardware Failure,Critical,4.4
TICKET_0332,Software Bug,High,14.18
TICKET_0333,Network Issue,Medium,0.14
TICKET_0334,Hardware Failure,High,1.23
TICKET_0335,Software Bug,High,0.47
TICKET_0336,Software Bug,High,0.42
TICKET_0337,Hardware Failure,Low,19.34
TICKET_0338,User Request,Low,12.16
TICKET_0339,Security Breach,Medium,6.43
TICKET_0340,Software Bug,Medium,1.03
TICKET_0341,Security Breach,Low,6.77
TICKET_0342,Security Breach,Low,6.41
TICKET_0343,Network Issue,High,1.9
TICKET_0344,Security Breach,Critical,5.69
TICKET_0345,Software Bug,Critical,5.08
TICKET_0346,Network Issue,Critical,9.57
TICKET_0347,Hardware Failure,Critical,10.08
TICKET_0348,Software Bug,Critical,0.46
TICKET_0349,Network Issue,High,4.69
TICKET_0350,Network Issue,Medium,9.83
TICKET_0351,Security Breach,Low,6.99
TICKET_0352,Hardware Failure,High,19.41
TICKET_0353,Software Bug,Critical,10.75
TICKET_0354,Software Bug,Low,1.78
TICKET_0355,Security Breach,High,0.73
TICKET_0356,Hardware Failure,Critical,10.28
TICKET_0357,Software Bug,High,0.27
TICKET_0358,Hardware Failure,Low,8.81
TICKET_0359,Software Bug,Medium,28.17
TICKET_0360,Security Breach,Critical,8.57
TICKET_0361,User Request,Low,4.91
TICKET_0362,Software Bug,Low,10.31
TICKET_0363,Network Issue,Medium,6.13
TICKET_0364,Network Issue,High,7.89
TICKET_0365,User Request,Medium,28.38
TICKET_0366,Software Bug,Medium,4.88
TICKET_0367,Network Issue,High,32.49
TICKET_0368,Network Issue,High,23.58
TICKET_0369,Software Bug,High,2.18
TICKET_0370,Hardware Failure,Low,0.72
TICKET_0371,Software Bug,Low,1.06
TICKET_0372,Hardware Failure,Critical,0.18
TICKET_0373,User Request,Critical,0.99
TICKET_0374,Security Breach,Medium,11.49
TICKET_0375,User Request,Medium,0.74
TICKET_0376,Security Breach,Critical,3.84
TICKET_0377,Network Issue,Medium,18.64
TICKET_0378,Network Issue,High,0.24
TICKET_0379,Network Issue,Low,16.85
TICKET_0380,Hardware Failure,Critical,3.31
TICKET_0381,Security Breach,Low,1.26
TICKET_0382,Network Issue,Critical,11.93
TICKET_0383,Software Bug,Low,9.91
TICKET_0384,Security Breach,Critical,20.99
TICKET_0385,Security Breach,Low,13.28
TICKET_0386,Hardware Failure,High,16.27
TICKET_0387,User Request,Critical,3.31
TICKET_0388,Hardware Failure,Critical,1.95
TICKET_0389,Network Issue,Critical,13.89
TICKET_0390,Software Bug,High,16.44
TICKET_0391,Software Bug,Low,46.57
TICKET_0392,Network Issue,Critical,5.32
TICKET_0393,Software Bug,Low,4.65
TICKET_0394,Hardware Failure,High,14.98
TICKET_0395,Hardware Failure,Medium,4.17
TICKET_0396,Network Issue,Critical,26.7
TICKET_0397,Software Bug,High,19.55
TICKET_0398,Security Breach,Low,5.6
TICKET_0399,User Request,Critical,13.9
TICKET_0400,Security Breach,Low,14.05
TICKET_0401,Hardware Failure,Medium,1.09
TICKET_0402,Hardware Failure,Critical,23.28
TICKET_0403,Hardware Failure,Critical,7.04
TICKET_0404,Hardware Failure,Low,17.51
TICKET_0405,User Request,Critical,3.86
TICKET_0406,Network Issue,High,22.59
TICKET_0407,Hardware Failure,High,4.93
TICKET_0408,Software Bug,Medium,0.11
TICKET_0409,User Request,High,23.58
TICKET_0410,Hardware Failure,Medium,0.96
TICKET_0411,Software Bug,Low,3.85
TICKET_0412,Hardware Failure,Low,29.97
TICKET_0413,Network Issue,Medium,30.08
TICKET_0414,User Request,High,8.52
TICKET_0415,Network Issue,High,9.99
TICKET_0416,User Request,Medium,5.95
TICKET_0417,Hardware Failure,Medium,3.47
TICKET_0418,Hardware Failure,Low,3.98
TICKET_0419,User Request,Medium,11.16
TICKET_0420,Software Bug,High,13.96
TICKET_0421,Software Bug,Medium,15.68
TICKET_0422,Hardware Failure,Medium,15.59
TICKET_0423,Hardware Failure,Medium,0.96
TICKET_0424,Network Issue,Low,6.82
TICKET_0425,Hardware Failure,Medium,0.59
TICKET_0426,User Request,Critical,7.97
TICKET_0427,Software Bug,Critical,5.83
TICKET_0428,Software Bug,Critical,21.87
TICKET_0429,Network Issue,High,4.32
TICKET_0430,Software Bug,High,1.25
TICKET_0431,Software Bug,Medium,1.54
TICKET_0432,Security Breach,Critical,14.33
TICKET_0433,User Request,Low,9.63
TICKET_0434,Security Breach,Critical,1.07
TICKET_0435,Software Bug,Critical,0.88
TICKET_0436,Network Issue,High,12.07
TICKET_0437,Network Issue,High,0.76
TICKET_0438,Software Bug,Low,17.25
TICKET_0439,Hardware Failure,High,12.25
TICKET_0440,Security Breach,Low,0.85
TICKET_0441,Software Bug,High,0.89
TICKET_0442,Network Issue,Critical,43.15
TICKET_0443,Network Issue,Critical,4.69
TICKET_0444,Security Breach,Low,4.63
TICKET_0445,User Request,Low,16.76
TICKET_0446,Software Bug,High,29.42
TICKET_0447,Software Bug,High,42.69
TICKET_0448,User Request,Low,14.0
TICKET_0449,Security Breach,Low,4.72
TICKET_0450,Security Breach,Critical,0.87
TICKET_0451,Network Issue,Critical,15.01
TICKET_0452,User Request,Low,8.17
TICKET_0453,Security Breach,Critical,5.52
TICKET_0454,Hardware Failure,Medium,23.68
TICKET_0455,Software Bug,High,1.18
TICKET_0456,Network Issue,Critical,6.79
TICKET_0457,User Request,Medium,0.11
TICKET_0458,Network Issue,Low,6.32
TICKET_0459,Security Breach,Critical,0.58
TICKET_0460,Security Breach,Low,1.26
TICKET_0461,Hardware Failure,High,1.25
TICKET_0462,Software Bug,Low,10.48
TICKET_0463,User Request,Medium,13.71
TICKET_0464,Network Issue,Low,8.76
TICKET_0465,Software Bug,Medium,32.75
TICKET_0466,Security Breach,Critical,4.7
TICKET_0467,Software Bug,Critical,3.36
TICKET_0468,Network Issue,Medium,20.3
TICKET_0469,Software Bug,High,2.53
TICKET_0470,Security Breach,High,33.03
TICKET_0471,Software Bug,High,0.12
TICKET_0472,User Request,Critical,35.03
TICKET_0473,Software Bug,Critical,0.44
TICKET_0474,User Request,High,22.18
TICKET_0475,Software Bug,Low,7.5
TICKET_0476,Security Breach,High,49.57
TICKET_0477,Hardware Failure,Low,0.77
TICKET_0478,Hardware Failure,High,8.07
TICKET_0479,User Request,Low,34.84
TICKET_0480,User Request,Critical,7.4
TICKET_0481,Hardware Failure,High,9.93
TICKET_0482,Security Breach,High,11.9
TICKET_0483,Security Breach,Medium,6.06
TICKET_0484,Software Bug,High,9.88
TICKET_0485,User Request,Low,8.78
TICKET_0486,Security Breach,Medium,23.14
TICKET_0487,Network Issue,High,0.47
TICKET_0488,Software Bug,High,3.3
TICKET_0489,Software Bug,Critical,30.04
TICKET_0490,Hardware Failure,Medium,22.1
TICKET_0491,User Request,Low,6.08
TICKET_0492,Security Breach,High,9.68
TICKET_0493,Security Breach,Critical,3.25
TICKET_0494,Software Bug,High,2.08
TICKET_0495,User Request,Medium,6.23
TICKET_0496,User Request,Low,4.36
TICKET_0497,User Request,Critical,8.76
TICKET_0498,Hardware Failure,High,0.81
TICKET_0499,Security Breach,Low,36.65
TICKET_0500,User Request,High,42.84
TICKET_0501,Hardware Failure,High,11.98
TICKET_0502,Network Issue,Medium,7.68
TICKET_0503,Software Bug,Medium,3.7
TICKET_0504,Security Breach,High,16.81
TICKET_0505,Security Breach,Critical,11.54
TICKET_0506,Software Bug,Medium,1.77
TICKET_0507,Network Issue,Medium,24.18
TICKET_0508,Hardware Failure,Medium,17.29
TICKET_0509,Software Bug,Medium,29.92
TICKET_0510,Hardware Failure,Low,12.94
TICKET_0511,Hardware Failure,High,9.5
TICKET_0512,Hardware Failure,Low,5.42
TICKET_0513,Network Issue,Low,26.99
TICKET_0514,Network Issue,High,20.1
TICKET_0515,Hardware Failure,Medium,0.46
TICKET_0516,User Request,Critical,0.27
TICKET_0517,Security Breach,Medium,4.72
TICKET_0518,Network Issue,Medium,16.64
TICKET_0519,User Request,Medium,43.64
TICKET_0520,User Request,Medium,1.63
TICKET_0521,Security Breach,Critical,9.02
TICKET_0522,Hardware Failure,Low,4.79
TICKET_0523,User Request,Critical,35.04
TICKET_0524,User Request,High,18.46
TICKET_0525,User Request,Medium,18.22
TICKET_0526,Hardware Failure,Critical,6.32
TICKET_0527,Hardware Failure,High,5.36
TICKET_0528,Network Issue,Critical,3.19
TICKET_0529,Network Issue,Medium,0.58
TICKET_0530,User Request,Medium,20.0
TICKET_0531,Hardware Failure,High,16.76
TICKET_0532,Hardware Failure,Critical,81.72
TICKET_0533,Security Breach,Medium,56.95
TICKET_0534,User Request,High,8.11
TICKET_0535,Network Issue,Critical,14.65
TICKET_0536,Security Breach,Critical,28.96
TICKET_0537,Hardware Failure,High,18.95
TICKET_0538,Network Issue,Critical,2.84
TICKET_0539,User Request,Critical,5.99
TICKET_0540,Hardware Failure,Medium,1.38
TICKET_0541,User Request,Medium,30.8
TICKET_0542,Security Breach,Medium,9.32
TICKET_0543,Security Breach,High,2.6
TICKET_0544,Security Breach,Low,11.14
TICKET_0545,Software Bug,Critical,9.63
TICKET_0546,User Request,High,4.43
TICKET_0547,Security Breach,Low,1.21
TICKET_0548,Security Breach,Low,11.13
TICKET_0549,User Request,High,7.35
TICKET_0550,Security Breach,Low,14.8
TICKET_0551,User Request,Medium,7.34
TICKET_0552,Hardware Failure,High,19.12
TICKET_0553,User Request,Critical,8.03
TICKET_0554,User Request,Medium,8.23
TICKET_0555,Software Bug,Critical,20.93
TICKET_0556,Hardware Failure,Low,5.17
TICKET_0557,Software Bug,Medium,1.44
TICKET_0558,Security Breach,Critical,0.29
TICKET_0559,User Request,High,14.07
TICKET_0560,Hardware Failure,Low,9.68
TICKET_0561,Software Bug,Critical,12.18
TICKET_0562,User Request,Low,2.39
TICKET_0563,Network Issue,Critical,1.47
TICKET_0564,Software Bug,High,0.15
TICKET_0565,Hardware Failure,Medium,4.32
TICKET_0566,Software Bug,Critical,8.91
TICKET_0567,Software Bug,Low,4.98
TICKET_0568,Software Bug,High,5.75
TICKET_0569,Security Breach,Medium,23.45
TICKET_0570,Network Issue,Low,4.28
TICKET_0571,Hardware Failure,High,7.22
TICKET_0572,Hardware Failure,Low,15.31
TICKET_0573,Hardware Failure,High,5.05
TICKET_0574,User Request,Medium,9.73
TICKET_0575,Hardware Failure,Medium,19.83
TICKET_0576,Hardware Failure,Low,29.86
TICKET_0577,Network Issue,High,1.59
TICKET_0578,User Request,Critical,26.12
TICKET_0579,User Request,Medium,6.78
TICKET_0580,Software Bug,Critical,2.99
TICKET_0581,Security Breach,Critical,6.15
TICKET_0582,User Request,Low,39.14
TICKET_0583,User Request,Low,6.78
TICKET_0584,Network Issue,Low,3.99
TICKET_0585,Hardware Failure,High,10.03
TICKET_0586,User Request,Medium,2.75
TICKET_0587,User Request,Medium,0.79
TICKET_0588,Security Breach,Critical,1.38
TICKET_0589,Network Issue,Low,1.37
TICKET_0590,Security Breach,High,1.65
TICKET_0591,User Request,Medium,1.49
TICKET_0592,User Request,High,10.24
TICKET_0593,Network Issue,Low,2.01
TICKET_0594,Software Bug,Low,4.24
TICKET_0595,Software Bug,Medium,22.71
TICKET_0596,User Request,Critical,6.42
TICKET_0597,User Request,Critical,11.01
TICKET_0598,Security Breach,Low,1.89
TICKET_0599,Security Breach,Low,2.14
TICKET_0600,Security Breach,Critical,0.42
TICKET_0601,Hardware Failure,Low,1.85
TICKET_0602,User Request,Medium,3.27
TICKET_0603,Hardware Failure,Medium,1.95
TICKET_0604,Software Bug,High,0.93
TICKET_0605,User Request,Critical,1.29
TICKET_0606,User Request,Low,6.18
TICKET_0607,Network Issue,High,2.31
TICKET_0608,User Request,Medium,4.53
TICKET_0609,Software Bug,Critical,7.0
TICKET_0610,User Request,Medium,11.72
TICKET_0611,Hardware Failure,Low,0.4
TICKET_0612,User Request,High,16.06
TICKET_0613,Hardware Failure,Low,9.89
TICKET_0614,Security Breach,Low,0.85
TICKET_0615,Security Breach,Critical,20.68
TICKET_0616,Network Issue,Critical,25.37
TICKET_0617,User Request,Low,0.63
TICKET_0618,Security Breach,Critical,3.24
TICKET_0619,Security Breach,High,16.41
TICKET_0620,Network Issue,High,13.79
TICKET_0621,Network Issue,Low,2.04
TICKET_0622,User Request,High,2.35
TICKET_0623,Hardware Failure,Low,4.63
TICKET_0624,User Request,High,6.63
TICKET_0625,Hardware Failure,Medium,9.63
TICKET_0626,Network Issue,Low,4.6
TICKET_0627,Software Bug,High,6.21
TICKET_0628,User Request,Medium,13.76
TICKET_0629,Software Bug,Low,0.37
TICKET_0630,Hardware Failure,High,2.91
TICKET_0631,User Request,High,12.49
TICKET_0632,Software Bug,Medium,22.56
TICKET_0633,Software Bug,Critical,7.17
TICKET_0634,User Request,Critical,7.6
TICKET_0635,Software Bug,Medium,1.13
TICKET_0636,User Request,Medium,5.93
TICKET_0637,Software Bug,Low,7.61
TICKET_0638,Network Issue,Critical,2.78
TICKET_0639,User Request,Low,3.14
TICKET_0640,Network Issue,High,4.74
TICKET_0641,Security Breach,Medium,0.2
TICKET_0642,Network Issue,Low,3.89
TICKET_0643,Software Bug,Medium,2.38
TICKET_0644,Hardware Failure,Low,3.97
TICKET_0645,Network Issue,High,1.28
TICKET_0646,Network Issue,High,22.12
TICKET_0647,Network Issue,Critical,9.0
TICKET_0648,Hardware Failure,Critical,11.37
TICKET_0649,Hardware Failure,High,15.57
TICKET_0650,Network Issue,Low,6.9
TICKET_0651,Security Breach,Medium,0.91
TICKET_0652,Hardware Failure,High,7.7
TICKET_0653,Hardware Failure,High,8.84
TICKET_0654,Hardware Failure,Low,13.68
TICKET_0655,User Request,High,5.65
TICKET_0656,Network Issue,High,1.36
TICKET_0657,Security Breach,Low,3.34
TICKET_0658,Hardware Failure,High,4.51
TICKET_0659,User Request,Critical,10.38
TICKET_0660,Software Bug,Critical,8.46
TICKET_0661,Software Bug,Critical,4.4
TICKET_0662,Hardware Failure,Critical,43.06
TICKET_0663,Security Breach,High,9.31
TICKET_0664,Security Breach,Medium,2.71
TICKET_0665,Network Issue,Critical,1.07
TICKET_0666,Hardware Failure,Critical,1.66
TICKET_0667,Software Bug,High,2.82
TICKET_0668,Network Issue,High,1.75
TICKET_0669,Security Breach,Low,2.06
TICKET_0670,Network Issue,Critical,3.36
TICKET_0671,Software Bug,Low,1.9
TICKET_0672,Security Breach,Critical,22.71
TICKET_0673,User Request,Medium,0.84
TICKET_0674,User Request,High,7.43
TICKET_0675,Hardware Failure,High,5.28
TICKET_0676,Network Issue,Low,40.39
TICKET_0677,Security Breach,Low,1.19
TICKET_0678,Hardware Failure,High,5.07
TICKET_0679,Network Issue,High,34.89
TICKET_0680,Software Bug,High,20.06
TICKET_0681,Security Breach,Critical,16.99
TICKET_0682,Network Issue,Critical,2.98
TICKET_0683,Security Breach,Medium,1.87
TICKET_0684,Network Issue,Critical,11.05
TICKET_0685,Software Bug,High,26.5
TICKET_0686,Security Breach,Critical,8.14
TICKET_0687,User Request,Low,8.48
TICKET_0688,Software Bug,High,3.28
TICKET_0689,Network Issue,Critical,14.67
TICKET_0690,Security Breach,High,2.07
TICKET_0691,Software Bug,Low,3.91
TICKET_0692,Network Issue,Low,5.54
TICKET_0693,User Request,Critical,7.08
TICKET_0694,User Request,High,2.78
TICKET_0695,Network Issue,Medium,1.22
TICKET_0696,User Request,Low,9.43
TICKET_0697,Software Bug,Medium,3.41
TICKET_0698,User Request,Critical,8.7
TICKET_0699,Hardware Failure,Low,1.68
TICKET_0700,User Request,Medium,6.56
TICKET_0701,Hardware Failure,Low,7.61
TICKET_0702,Security Breach,Medium,0.53
TICKET_0703,Software Bug,High,4.1
TICKET_0704,Security Breach,High,1.44
TICKET_0705,Security Breach,Critical,0.65
TICKET_0706,User Request,Low,46.01
TICKET_0707,User Request,Medium,3.89
TICKET_0708,User Request,Critical,16.6
TICKET_0709,Security Breach,High,2.94
TICKET_0710,Software Bug,High,11.44
TICKET_0711,Software Bug,Critical,14.28
TICKET_0712,Hardware Failure,Low,9.05
TICKET_0713,Network Issue,Medium,6.38
TICKET_0714,Software Bug,High,5.31
TICKET_0715,User Request,Critical,4.29
TICKET_0716,Hardware Failure,High,26.53
TICKET_0717,User Request,High,17.76
TICKET_0718,Security Breach,Medium,33.53
TICKET_0719,Security Breach,Low,1.33
TICKET_0720,User Request,Low,13.13
TICKET_0721,Software Bug,Medium,27.86
TICKET_0722,Network Issue,Critical,2.0
TICKET_0723,User Request,Critical,0.69
TICKET_0724,Software Bug,Low,13.51
TICKET_0725,Hardware Failure,High,8.54
TICKET_0726,User Request,High,18.44
TICKET_0727,Hardware Failure,Critical,1.51
TICKET_0728,Software Bug,Medium,15.86
TICKET_0729,Software Bug,High,2.25
TICKET_0730,Software Bug,Critical,1.79
TICKET_0731,Software Bug,Medium,1.79
TICKET_0732,Security Breach,Low,16.85
TICKET_0733,Software Bug,Medium,10.94
TICKET_0734,Security Breach,Low,7.4
TICKET_0735,Network Issue,Critical,4.44
TICKET_0736,Security Breach,Medium,20.97
TICKET_0737,Hardware Failure,Critical,4.98
TICKET_0738,Network Issue,Low,16.96
TICKET_0739,Hardware Failure,High,5.78
TICKET_0740,User Request,High,4.73
TICKET_0741,User Request,Low,6.21
TICKET_0742,Security Breach,High,3.59
TICKET_0743,Hardware Failure,High,13.77
TICKET_0744,User Request,Medium,6.99
TICKET_0745,User Request,Medium,2.64
TICKET_0746,User Request,High,22.98
TICKET_0747,Network Issue,Medium,4.84
TICKET_0748,Network Issue,Low,7.84
TICKET_0749,Software Bug,Medium,23.69
TICKET_0750,Hardware Failure,Medium,9.79
TICKET_0751,User Request,Medium,1.24
TICKET_0752,Hardware Failure,Critical,28.11
TICKET_0753,Software Bug,Low,9.88
TICKET_0754,Security Breach,High,4.08
TICKET_0755,Software Bug,High,1.5
TICKET_0756,User Request,Critical,15.8
TICKET_0757,Security Breach,Medium,9.68
TICKET_0758,Security Breach,Low,7.62
TICKET_0759,Software Bug,Low,22.43
TICKET_0760,User Request,High,15.54
TICKET_0761,Security Breach,Critical,1.64
TICKET_0762,Software Bug,Critical,3.74
TICKET_0763,Software Bug,Critical,2.86
TICKET_0764,User Request,Critical,13.62
TICKET_0765,Software Bug,Low,0.34
TICKET_0766,Software Bug,Medium,8.44
TICKET_0767,Software Bug,High,14.37
TICKET_0768,Hardware Failure,Low,20.94
TICKET_0769,Network Issue,Critical,4.19
TICKET_0770,Hardware Failure,Critical,17.22
TICKET_0771,Software Bug,High,1.17
TICKET_0772,Network Issue,Medium,18.74
TICKET_0773,Security Breach,Medium,1.36
TICKET_0774,Hardware Failure,Medium,5.06
TICKET_0775,Hardware Failure,Critical,15.96
TICKET_0776,Hardware Failure,Low,1.62
TICKET_0777,User Request,Low,2.6
TICKET_0778,Software Bug,Medium,12.81
TICKET_0779,Security Breach,High,12.73
TICKET_0780,Security Breach,Medium,10.25
TICKET_0781,Security Breach,Medium,11.84
TICKET_0782,Software Bug,High,7.82
TICKET_0783,Network Issue,Medium,2.9
TICKET_0784,Hardware Failure,High,4.24
TICKET_0785,Software Bug,High,2.0
TICKET_0786,Hardware Failure,Low,23.91
TICKET_0787,Software Bug,High,8.76
TICKET_0788,Hardware Failure,Medium,5.12
TICKET_0789,Software Bug,High,6.2
TICKET_0790,Network Issue,Medium,29.43
TICKET_0791,Security Breach,High,1.66
TICKET_0792,Hardware Failure,Low,8.82
TICKET_0793,Software Bug,Medium,7.05
TICKET_0794,Network Issue,Medium,9.45
TICKET_0795,Network Issue,Medium,0.18
TICKET_0796,Security Breach,High,20.57
TICKET_0797,Software Bug,Low,26.9
TICKET_0798,Hardware Failure,Low,8.33
TICKET_0799,User Request,Low,11.93
TICKET_0800,Network Issue,Low,25.57
TICKET_0801,Network Issue,High,12.28
TICKET_0802,Security Breach,Medium,1.66
TICKET_0803,Software Bug,Critical,8.59
TICKET_0804,User Request,Low,9.33
TICKET_0805,User Request,Critical,5.52
TICKET_0806,User Request,High,13.33
TICKET_0807,Software Bug,High,27.24
TICKET_0808,Hardware Failure,Critical,25.98
TICKET_0809,Network Issue,Medium,5.99
TICKET_0810,Software Bug,Critical,1.2
TICKET_0811,User Request,High,41.89
TICKET_0812,Network Issue,Critical,18.26
TICKET_0813,Network Issue,Low,1.33
TICKET_0814,User Request,Low,25.36
TICKET_0815,User Request,Medium,20.39
TICKET_0816,Network Issue,Critical,7.32
TICKET_0817,Security Breach,Critical,8.95
TICKET_0818,Network Issue,Critical,5.09
TICKET_0819,Hardware Failure,Critical,0.56
TICKET_0820,Hardware Failure,Medium,4.08
TICKET_0821,Security Breach,High,16.24
TICKET_0822,Software Bug,Medium,0.05
TICKET_0823,Network Issue,High,4.06
TICKET_0824,Hardware Failure,High,5.08
TICKET_0825,Network Issue,High,7.71
TICKET_0826,Security Breach,Critical,25.24
TICKET_0827,User Request,Medium,4.25
TICKET_0828,Security Breach,High,4.26
TICKET_0829,Security Breach,Low,13.38
TICKET_0830,Security Breach,High,6.02
TICKET_0831,Hardware Failure,Medium,2.54
TICKET_0832,Security Breach,Critical,6.02
TICKET_0833,User Request,Low,1.52
TICKET_0834,User Request,High,1.94
TICKET_0835,User Request,Critical,6.9
TICKET_0836,Software Bug,Medium,5.43
TICKET_0837,Security Breach,Medium,24.63
TICKET_0838,User Request,Low,4.5
TICKET_0839,Software Bug,Low,8.69
TICKET_0840,Security Breach,High,10.0
TICKET_0841,Security Breach,Critical,0.13
TICKET_0842,Network Issue,Critical,10.89
TICKET_0843,Security Breach,Medium,1.96
TICKET_0844,Network Issue,Medium,32.46
TICKET_0845,Hardware Failure,High,1.61
TICKET_0846,Hardware Failure,High,5.36
TICKET_0847,Software Bug,Medium,0.89
TICKET_0848,Network Issue,Medium,57.68
TICKET_0849,Hardware Failure,Critical,6.98
TICKET_0850,Hardware Failure,Critical,9.05
TICKET_0851,Hardware Failure,Critical,0.69
TICKET_0852,Security Breach,High,13.86
TICKET_0853,Network Issue,Critical,2.36
TICKET_0854,Hardware Failure,Low,22.83
TICKET_0855,Network Issue,Low,2.3
TICKET_0856,User Request,Critical,2.12
TICKET_0857,User Request,Critical,0.37
TICKET_0858,Security Breach,Medium,6.39
TICKET_0859,User Request,Medium,8.32
TICKET_0860,Software Bug,High,0.68
TICKET_0861,Network Issue,Low,14.94
TICKET_0862,Hardware Failure,Low,6.04
TICKET_0863,Software Bug,High,7.43
TICKET_0864,Software Bug,Critical,5.81
TICKET_0865,User Request,Critical,5.12
TICKET_0866,Network Issue,High,8.2
TICKET_0867,Hardware Failure,Low,1.69
TICKET_0868,Software Bug,Low,2.01
TICKET_0869,Security Breach,Critical,19.79
TICKET_0870,Hardware Failure,Medium,29.21
TICKET_0871,User Request,High,4.67
TICKET_0872,Network Issue,High,3.16
TICKET_0873,Security Breach,Critical,10.33
TICKET_0874,Hardware Failure,High,5.25
TICKET_0875,Hardware Failure,Low,0.26
TICKET_0876,Software Bug,Critical,1.7
TICKET_0877,Hardware Failure,Low,12.59
TICKET_0878,Network Issue,Medium,10.76
TICKET_0879,Network Issue,High,0.27
TICKET_0880,Hardware Failure,High,2.51
TICKET_0881,Software Bug,Low,2.63
TICKET_0882,Security Breach,Critical,11.14
TICKET_0883,Security Breach,Critical,0.2
TICKET_0884,Software Bug,High,1.1
TICKET_0885,User Request,Low,16.09
TICKET_0886,Network Issue,Medium,1.97
TICKET_0887,User Request,Low,10.58
TICKET_0888,Software Bug,Critical,2.72
TICKET_0889,User Request,High,1.05
TICKET_0890,Software Bug,High,2.79
TICKET_0891,Security Breach,High,12.81
TICKET_0892,Security Breach,Medium,19.36
TICKET_0893,User Request,Medium,17.73
TICKET_0894,User Request,Critical,5.06
TICKET_0895,Network Issue,Low,11.03
TICKET_0896,Security Breach,Low,2.29
TICKET_0897,Network Issue,Low,3.47
TICKET_0898,User Request,Medium,22.67
TICKET_0899,Software Bug,High,0.13
TICKET_0900,Security Breach,Critical,0.89
TICKET_0901,Software Bug,Critical,2.33
TICKET_0902,Network Issue,Medium,0.27
TICKET_0903,Network Issue,Medium,2.0
TICKET_0904,Hardware Failure,High,8.75
TICKET_0905,Security Breach,High,5.47
TICKET_0906,Security Breach,Medium,22.32
TICKET_0907,Network Issue,Critical,17.01
TICKET_0908,Software Bug,High,4.18
TICKET_0909,Security Breach,High,3.0
TICKET_0910,Network Issue,Critical,4.78
TICKET_0911,Hardware Failure,High,8.92
TICKET_0912,User Request,Critical,3.12
TICKET_0913,Security Breach,Low,9.79
TICKET_0914,User Request,High,5.27
TICKET_0915,Software Bug,High,8.03
TICKET_0916,Hardware Failure,Low,5.73
TICKET_0917,Security Breach,Critical,3.49
TICKET_0918,User Request,High,29.65
TICKET_0919,User Request,Low,14.42
TICKET_0920,Network Issue,Critical,1.51
TICKET_0921,User Request,High,20.29
TICKET_0922,Software Bug,Medium,6.68
TICKET_0923,User Request,Low,22.5
TICKET_0924,Software Bug,Critical,16.09
TICKET_0925,Software Bug,Medium,5.54
TICKET_0926,Network Issue,Critical,0.23
TICKET_0927,Hardware Failure,Medium,3.13
TICKET_0928,Software Bug,Medium,7.8
TICKET_0929,User Request,Low,10.04
TICKET_0930,User Request,Low,2.98
TICKET_0931,Software Bug,Medium,1.5
TICKET_0932,User Request,Low,18.01
TICKET_0933,Security Breach,Critical,41.61
TICKET_0934,Network Issue,High,7.46
TICKET_0935,User Request,Critical,1.88
TICKET_0936,Network Issue,Medium,3.18
TICKET_0937,Software Bug,Critical,0.19
TICKET_0938,Software Bug,Medium,24.57
TICKET_0939,Software Bug,Critical,1.25
TICKET_0940,Network Issue,Critical,8.59
TICKET_0941,User Request,Low,3.2
TICKET_0942,Security Breach,Medium,8.08
TICKET_0943,Network Issue,Medium,10.54
TICKET_0944,Security Breach,High,17.7
TICKET_0945,User Request,Critical,2.31
TICKET_0946,User Request,Critical,0.11
TICKET_0947,Network Issue,High,1.47
TICKET_0948,Hardware Failure,Medium,23.03
TICKET_0949,Security Breach,Critical,20.71
TICKET_0950,Software Bug,High,9.1
TICKET_0951,Security Breach,High,9.18
TICKET_0952,User Request,High,10.94
TICKET_0953,User Request,Critical,1.93
TICKET_0954,Network Issue,Medium,24.58
TICKET_0955,Hardware Failure,Medium,5.43
TICKET_0956,Software Bug,High,4.83
TICKET_0957,Security Breach,High,7.32
TICKET_0958,Hardware Failure,Medium,0.48
TICKET_0959,Software Bug,High,1.82
TICKET_0960,User Request,High,13.4
TICKET_0961,User Request,Medium,0.86
TICKET_0962,Network Issue,Critical,9.24
TICKET_0963,Network Issue,High,2.82
TICKET_0964,Security Breach,Critical,4.93
TICKET_0965,Hardware Failure,High,3.41
TICKET_0966,Hardware Failure,High,4.4
TICKET_0967,Software Bug,High,12.7
TICKET_0968,Security Breach,Low,3.53
TICKET_0969,Network Issue,Critical,8.36
TICKET_0970,Security Breach,Critical,6.46
TICKET_0971,User Request,High,10.9
TICKET_0972,Network Issue,Medium,27.62
TICKET_0973,Hardware Failure,High,13.19
TICKET_0974,Network Issue,Low,2.42
TICKET_0975,User Request,High,0.32
TICKET_0976,Network Issue,Low,3.04
TICKET_0977,Hardware Failure,High,9.04
TICKET_0978,User Request,Critical,0.53
TICKET_0979,Software Bug,High,6.86
TICKET_0980,Security Breach,Critical,9.08
TICKET_0981,Software Bug,Medium,4.07
TICKET_0982,User Request,Medium,14.74
TICKET_0983,User Request,High,1.13
TICKET_0984,User Request,High,0.78
TICKET_0985,Hardware Failure,Medium,13.03
TICKET_0986,User Request,Low,6.84
TICKET_0987,Security Breach,Medium,11.66
TICKET_0988,Hardware Failure,Medium,5.71
TICKET_0989,User Request,Low,2.83
TICKET_0990,Hardware Failure,Medium,17.1
TICKET_0991,Security Breach,Medium,16.07
TICKET_0992,Security Breach,Low,11.86
TICKET_0993,Hardware Failure,Low,3.18
TICKET_0994,Network Issue,Critical,8.92
TICKET_0995,Software Bug,High,4.48
TICKET_0996,User Request,Critical,0.96
TICKET_0997,Software Bug,Low,24.93
TICKET_0998,Security Breach,Medium,1.47
TICKET_0999,Software Bug,Low,30.0
TICKET_1000,Network Issue,Medium,5.91
